file,line,type,commit,author,date,time,timezone,datetime,depth,length
style.css,1,css,f2990134,be910,2025-10-15,22:21:35,-07:00,2025-10-15T22:21:35-07:00,0,4
style.css,2,css,f2990134,be910,2025-10-15,22:21:35,-07:00,2025-10-15T22:21:35-07:00,1,17
style.css,3,css,f2990134,be910,2025-10-15,22:21:35,-07:00,2025-10-15T22:21:35-07:00,1,44
style.css,4,css,f2990134,be910,2025-10-15,22:21:35,-07:00,2025-10-15T22:21:35-07:00,1,32
style.css,5,css,f2990134,be910,2025-10-15,22:21:35,-07:00,2025-10-15T22:21:35-07:00,0,0
style.css,6,css,344d0a12,be910,2025-10-28,23:24:50,-07:00,2025-10-28T23:24:50-07:00,0,0
style.css,7,css,f2990134,be910,2025-10-15,22:21:35,-07:00,2025-10-15T22:21:35-07:00,0,13
style.css,8,css,f2990134,be910,2025-10-15,22:21:35,-07:00,2025-10-15T22:21:35-07:00,1,17
style.css,9,css,f2990134,be910,2025-10-15,22:21:35,-07:00,2025-10-15T22:21:35-07:00,1,8
style.css,10,css,f2990134,be910,2025-10-15,22:21:35,-07:00,2025-10-15T22:21:35-07:00,1,10
style.css,11,css,f2990134,be910,2025-10-15,22:21:35,-07:00,2025-10-15T22:21:35-07:00,1,13
style.css,12,css,f2990134,be910,2025-10-15,22:21:35,-07:00,2025-10-15T22:21:35-07:00,0,0
style.css,13,css,f2990134,be910,2025-10-15,22:21:35,-07:00,2025-10-15T22:21:35-07:00,0,0
style.css,14,css,7733c250,be910,2025-09-30,21:47:06,-07:00,2025-09-30T21:47:06-07:00,0,4
style.css,15,css,7733c250,be910,2025-09-30,21:47:06,-07:00,2025-09-30T21:47:06-07:00,1,43
style.css,16,css,f2990134,be910,2025-10-15,22:21:35,-07:00,2025-10-15T22:21:35-07:00,0,42
style.css,17,css,7733c250,be910,2025-09-30,21:47:06,-07:00,2025-09-30T21:47:06-07:00,0,0
style.css,18,css,7733c250,be910,2025-09-30,21:47:06,-07:00,2025-09-30T21:47:06-07:00,1,23
style.css,19,css,cd33dfc0,be910,2025-10-09,13:22:57,-07:00,2025-10-09T13:22:57-07:00,1,15
style.css,20,css,97252149,be910,2025-10-01,19:59:32,-07:00,2025-10-01T19:59:32-07:00,1,13
style.css,21,css,cd33dfc0,be910,2025-10-09,13:22:57,-07:00,2025-10-09T13:22:57-07:00,1,18
style.css,22,css,f2990134,be910,2025-10-15,22:21:35,-07:00,2025-10-15T22:21:35-07:00,1,13
style.css,23,css,f2990134,be910,2025-10-15,22:21:35,-07:00,2025-10-15T22:21:35-07:00,0,0
style.css,24,css,f2990134,be910,2025-10-15,22:21:35,-07:00,2025-10-15T22:21:35-07:00,0,0
style.css,25,css,f2990134,be910,2025-10-15,22:21:35,-07:00,2025-10-15T22:21:35-07:00,0,3
style.css,26,css,f2990134,be910,2025-10-15,22:21:35,-07:00,2025-10-15T22:21:35-07:00,1,39
style.css,27,css,f2990134,be910,2025-10-15,22:21:35,-07:00,2025-10-15T22:21:35-07:00,1,12
style.css,28,css,f2990134,be910,2025-10-15,22:21:35,-07:00,2025-10-15T22:21:35-07:00,1,17
style.css,29,css,f2990134,be910,2025-10-15,22:21:35,-07:00,2025-10-15T22:21:35-07:00,1,43
style.css,30,css,f2990134,be910,2025-10-15,22:21:35,-07:00,2025-10-15T22:21:35-07:00,0,0
style.css,31,css,f2990134,be910,2025-10-15,22:21:35,-07:00,2025-10-15T22:21:35-07:00,0,0
style.css,32,css,f2990134,be910,2025-10-15,22:21:35,-07:00,2025-10-15T22:21:35-07:00,0,5
style.css,33,css,f2990134,be910,2025-10-15,22:21:35,-07:00,2025-10-15T22:21:35-07:00,1,6
style.css,34,css,f2990134,be910,2025-10-15,22:21:35,-07:00,2025-10-15T22:21:35-07:00,1,20
style.css,35,css,f2990134,be910,2025-10-15,22:21:35,-07:00,2025-10-15T22:21:35-07:00,1,13
style.css,36,css,f2990134,be910,2025-10-15,22:21:35,-07:00,2025-10-15T22:21:35-07:00,1,17
style.css,37,css,f2990134,be910,2025-10-15,22:21:35,-07:00,2025-10-15T22:21:35-07:00,1,13
style.css,38,css,f2990134,be910,2025-10-15,22:21:35,-07:00,2025-10-15T22:21:35-07:00,0,0
style.css,39,css,f2990134,be910,2025-10-15,22:21:35,-07:00,2025-10-15T22:21:35-07:00,0,0
style.css,40,css,f2990134,be910,2025-10-15,22:21:35,-07:00,2025-10-15T22:21:35-07:00,0,13
style.css,41,css,f2990134,be910,2025-10-15,22:21:35,-07:00,2025-10-15T22:21:35-07:00,1,43
style.css,42,css,f2990134,be910,2025-10-15,22:21:35,-07:00,2025-10-15T22:21:35-07:00,1,20
style.css,43,css,f2990134,be910,2025-10-15,22:21:35,-07:00,2025-10-15T22:21:35-07:00,0,0
style.css,44,css,f2990134,be910,2025-10-15,22:21:35,-07:00,2025-10-15T22:21:35-07:00,0,0
style.css,45,css,f2990134,be910,2025-10-15,22:21:35,-07:00,2025-10-15T22:21:35-07:00,0,11
style.css,46,css,f2990134,be910,2025-10-15,22:21:35,-07:00,2025-10-15T22:21:35-07:00,1,45
style.css,47,css,f2990134,be910,2025-10-15,22:21:35,-07:00,2025-10-15T22:21:35-07:00,0,0
style.css,48,css,344d0a12,be910,2025-10-28,23:24:50,-07:00,2025-10-28T23:24:50-07:00,0,0
style.css,49,css,f2990134,be910,2025-10-15,22:21:35,-07:00,2025-10-15T22:21:35-07:00,0,23
style.css,50,css,f2990134,be910,2025-10-15,22:21:35,-07:00,2025-10-15T22:21:35-07:00,1,12
style.css,51,css,f2990134,be910,2025-10-15,22:21:35,-07:00,2025-10-15T22:21:35-07:00,0,0
style.css,52,css,f2990134,be910,2025-10-15,22:21:35,-07:00,2025-10-15T22:21:35-07:00,0,0
style.css,53,css,f2990134,be910,2025-10-15,22:21:35,-07:00,2025-10-15T22:21:35-07:00,0,4
style.css,54,css,f2990134,be910,2025-10-15,22:21:35,-07:00,2025-10-15T22:21:35-07:00,1,12
style.css,55,css,cd33dfc0,be910,2025-10-09,13:22:57,-07:00,2025-10-09T13:22:57-07:00,1,30
style.css,56,css,f2990134,be910,2025-10-15,22:21:35,-07:00,2025-10-15T22:21:35-07:00,1,7
style.css,57,css,f2990134,be910,2025-10-15,22:21:35,-07:00,2025-10-15T22:21:35-07:00,0,0
style.css,58,css,cd33dfc0,be910,2025-10-09,13:22:57,-07:00,2025-10-09T13:22:57-07:00,0,0
style.css,59,css,f2990134,be910,2025-10-15,22:21:35,-07:00,2025-10-15T22:21:35-07:00,0,6
style.css,60,css,f2990134,be910,2025-10-15,22:21:35,-07:00,2025-10-15T22:21:35-07:00,1,18
style.css,61,css,f2990134,be910,2025-10-15,22:21:35,-07:00,2025-10-15T22:21:35-07:00,0,0
style.css,62,css,cd33dfc0,be910,2025-10-09,13:22:57,-07:00,2025-10-09T13:22:57-07:00,0,0
style.css,63,css,f2990134,be910,2025-10-15,22:21:35,-07:00,2025-10-15T22:21:35-07:00,0,2
style.css,64,css,f2990134,be910,2025-10-15,22:21:35,-07:00,2025-10-15T22:21:35-07:00,1,14
style.css,65,css,f2990134,be910,2025-10-15,22:21:35,-07:00,2025-10-15T22:21:35-07:00,0,0
style.css,66,css,cd33dfc0,be910,2025-10-09,13:22:57,-07:00,2025-10-09T13:22:57-07:00,0,0
style.css,67,css,f2990134,be910,2025-10-15,22:21:35,-07:00,2025-10-15T22:21:35-07:00,0,22
style.css,68,css,f2990134,be910,2025-10-15,22:21:35,-07:00,2025-10-15T22:21:35-07:00,1,15
style.css,69,css,f2990134,be910,2025-10-15,22:21:35,-07:00,2025-10-15T22:21:35-07:00,1,17
style.css,70,css,f2990134,be910,2025-10-15,22:21:35,-07:00,2025-10-15T22:21:35-07:00,0,0
style.css,71,css,cd33dfc0,be910,2025-10-09,13:22:57,-07:00,2025-10-09T13:22:57-07:00,0,0
style.css,72,css,f2990134,be910,2025-10-15,22:21:35,-07:00,2025-10-15T22:21:35-07:00,0,9
style.css,73,css,f2990134,be910,2025-10-15,22:21:35,-07:00,2025-10-15T22:21:35-07:00,1,12
style.css,74,css,cd33dfc0,be910,2025-10-09,13:22:57,-07:00,2025-10-09T13:22:57-07:00,1,58
style.css,75,css,f2990134,be910,2025-10-15,22:21:35,-07:00,2025-10-15T22:21:35-07:00,1,7
style.css,76,css,f2990134,be910,2025-10-15,22:21:35,-07:00,2025-10-15T22:21:35-07:00,0,0
style.css,77,css,cd33dfc0,be910,2025-10-09,13:22:57,-07:00,2025-10-09T13:22:57-07:00,0,0
style.css,78,css,f2990134,be910,2025-10-15,22:21:35,-07:00,2025-10-15T22:21:35-07:00,0,17
style.css,79,css,f2990134,be910,2025-10-15,22:21:35,-07:00,2025-10-15T22:21:35-07:00,1,12
style.css,80,css,cd33dfc0,be910,2025-10-09,13:22:57,-07:00,2025-10-09T13:22:57-07:00,1,26
style.css,81,css,cd33dfc0,be910,2025-10-09,13:22:57,-07:00,2025-10-09T13:22:57-07:00,1,15
style.css,82,css,f2990134,be910,2025-10-15,22:21:35,-07:00,2025-10-15T22:21:35-07:00,1,7
style.css,83,css,f2990134,be910,2025-10-15,22:21:35,-07:00,2025-10-15T22:21:35-07:00,0,0
style.css,84,css,cd33dfc0,be910,2025-10-09,13:22:57,-07:00,2025-10-09T13:22:57-07:00,0,0
style.css,85,css,f2990134,be910,2025-10-15,22:21:35,-07:00,2025-10-15T22:21:35-07:00,0,12
style.css,86,css,f2990134,be910,2025-10-15,22:21:35,-07:00,2025-10-15T22:21:35-07:00,1,8
style.css,87,css,f2990134,be910,2025-10-15,22:21:35,-07:00,2025-10-15T22:21:35-07:00,0,0
style.css,88,css,cd33dfc0,be910,2025-10-09,13:22:57,-07:00,2025-10-09T13:22:57-07:00,0,0
style.css,89,css,f2990134,be910,2025-10-15,22:21:35,-07:00,2025-10-15T22:21:35-07:00,0,11
style.css,90,css,f2990134,be910,2025-10-15,22:21:35,-07:00,2025-10-15T22:21:35-07:00,1,17
style.css,91,css,f2990134,be910,2025-10-15,22:21:35,-07:00,2025-10-15T22:21:35-07:00,0,0
style.css,92,css,cd33dfc0,be910,2025-10-09,13:22:57,-07:00,2025-10-09T13:22:57-07:00,0,0
style.css,93,css,f2990134,be910,2025-10-15,22:21:35,-07:00,2025-10-15T22:21:35-07:00,0,15
style.css,94,css,f2990134,be910,2025-10-15,22:21:35,-07:00,2025-10-15T22:21:35-07:00,1,17
style.css,95,css,cd33dfc0,be910,2025-10-09,13:22:57,-07:00,2025-10-09T13:22:57-07:00,1,20
style.css,96,css,f2990134,be910,2025-10-15,22:21:35,-07:00,2025-10-15T22:21:35-07:00,1,41
style.css,97,css,f2990134,be910,2025-10-15,22:21:35,-07:00,2025-10-15T22:21:35-07:00,0,0
style.css,98,css,f2990134,be910,2025-10-15,22:21:35,-07:00,2025-10-15T22:21:35-07:00,0,0
style.css,99,css,f2990134,be910,2025-10-15,22:21:35,-07:00,2025-10-15T22:21:35-07:00,0,10
style.css,100,css,f2990134,be910,2025-10-15,22:21:35,-07:00,2025-10-15T22:21:35-07:00,1,20
style.css,101,css,f2990134,be910,2025-10-15,22:21:35,-07:00,2025-10-15T22:21:35-07:00,1,25
style.css,102,css,f2990134,be910,2025-10-15,22:21:35,-07:00,2025-10-15T22:21:35-07:00,0,0
style.css,103,css,f2990134,be910,2025-10-15,22:21:35,-07:00,2025-10-15T22:21:35-07:00,0,0
style.css,104,css,f2990134,be910,2025-10-15,22:21:35,-07:00,2025-10-15T22:21:35-07:00,0,31
style.css,105,css,f2990134,be910,2025-10-15,22:21:35,-07:00,2025-10-15T22:21:35-07:00,1,15
style.css,106,css,f2990134,be910,2025-10-15,22:21:35,-07:00,2025-10-15T22:21:35-07:00,1,15
style.css,107,css,f2990134,be910,2025-10-15,22:21:35,-07:00,2025-10-15T22:21:35-07:00,0,0
style.css,108,css,f2990134,be910,2025-10-15,22:21:35,-07:00,2025-10-15T22:21:35-07:00,0,0
style.css,109,css,f2990134,be910,2025-10-15,22:21:35,-07:00,2025-10-15T22:21:35-07:00,0,27
style.css,110,css,f2990134,be910,2025-10-15,22:21:35,-07:00,2025-10-15T22:21:35-07:00,1,10
style.css,111,css,f2990134,be910,2025-10-15,22:21:35,-07:00,2025-10-15T22:21:35-07:00,1,17
style.css,112,css,f2990134,be910,2025-10-15,22:21:35,-07:00,2025-10-15T22:21:35-07:00,0,0
style.css,113,css,f2990134,be910,2025-10-15,22:21:35,-07:00,2025-10-15T22:21:35-07:00,0,0
style.css,114,css,f2990134,be910,2025-10-15,22:21:35,-07:00,2025-10-15T22:21:35-07:00,0,28
style.css,115,css,f2990134,be910,2025-10-15,22:21:35,-07:00,2025-10-15T22:21:35-07:00,1,18
style.css,116,css,f2990134,be910,2025-10-15,22:21:35,-07:00,2025-10-15T22:21:35-07:00,0,0
style.css,117,css,cd33dfc0,be910,2025-10-09,13:22:57,-07:00,2025-10-09T13:22:57-07:00,0,0
style.css,118,css,cd33dfc0,be910,2025-10-09,13:22:57,-07:00,2025-10-09T13:22:57-07:00,0,26
style.css,119,css,cd33dfc0,be910,2025-10-09,13:22:57,-07:00,2025-10-09T13:22:57-07:00,1,19
style.css,120,css,cd33dfc0,be910,2025-10-09,13:22:57,-07:00,2025-10-09T13:22:57-07:00,1,17
style.css,121,css,7daa2b29,be910,2025-10-24,21:09:05,-07:00,2025-10-24T21:09:05-07:00,0,0
style.css,122,css,7daa2b29,be910,2025-10-24,21:09:05,-07:00,2025-10-24T21:09:05-07:00,0,0
style.css,123,css,7daa2b29,be910,2025-10-24,21:09:05,-07:00,2025-10-24T21:09:05-07:00,0,11
style.css,124,css,344d0a12,be910,2025-10-28,23:24:50,-07:00,2025-10-28T23:24:50-07:00,1,12
style.css,125,css,344d0a12,be910,2025-10-28,23:24:50,-07:00,2025-10-28T23:24:50-07:00,1,36
style.css,126,css,344d0a12,be910,2025-10-28,23:24:50,-07:00,2025-10-28T23:24:50-07:00,1,8
style.css,127,css,344d0a12,be910,2025-10-28,23:24:50,-07:00,2025-10-28T23:24:50-07:00,1,8
style.css,128,css,344d0a12,be910,2025-10-28,23:24:50,-07:00,2025-10-28T23:24:50-07:00,1,9
style.css,129,css,344d0a12,be910,2025-10-28,23:24:50,-07:00,2025-10-28T23:24:50-07:00,1,17
style.css,130,css,7daa2b29,be910,2025-10-24,21:09:05,-07:00,2025-10-24T21:09:05-07:00,0,0
style.css,131,css,7daa2b29,be910,2025-10-24,21:09:05,-07:00,2025-10-24T21:09:05-07:00,0,0
style.css,132,css,7daa2b29,be910,2025-10-24,21:09:05,-07:00,2025-10-24T21:09:05-07:00,0,14
style.css,133,css,344d0a12,be910,2025-10-28,23:24:50,-07:00,2025-10-28T23:24:50-07:00,1,10
style.css,134,css,344d0a12,be910,2025-10-28,23:24:50,-07:00,2025-10-28T23:24:50-07:00,1,14
style.css,135,css,344d0a12,be910,2025-10-28,23:24:50,-07:00,2025-10-28T23:24:50-07:00,1,18
style.css,136,css,344d0a12,be910,2025-10-28,23:24:50,-07:00,2025-10-28T23:24:50-07:00,1,10
style.css,137,css,344d0a12,be910,2025-10-28,23:24:50,-07:00,2025-10-28T23:24:50-07:00,1,24
style.css,138,css,344d0a12,be910,2025-10-28,23:24:50,-07:00,2025-10-28T23:24:50-07:00,1,8
style.css,139,css,7daa2b29,be910,2025-10-24,21:09:05,-07:00,2025-10-24T21:09:05-07:00,0,0
style.css,140,css,7daa2b29,be910,2025-10-24,21:09:05,-07:00,2025-10-24T21:09:05-07:00,0,0
style.css,141,css,7daa2b29,be910,2025-10-24,21:09:05,-07:00,2025-10-24T21:09:05-07:00,0,14
style.css,142,css,344d0a12,be910,2025-10-28,23:24:50,-07:00,2025-10-28T23:24:50-07:00,1,10
style.css,143,css,344d0a12,be910,2025-10-28,23:24:50,-07:00,2025-10-28T23:24:50-07:00,1,14
style.css,144,css,344d0a12,be910,2025-10-28,23:24:50,-07:00,2025-10-28T23:24:50-07:00,1,16
style.css,145,css,344d0a12,be910,2025-10-28,23:24:50,-07:00,2025-10-28T23:24:50-07:00,1,8
style.css,146,css,344d0a12,be910,2025-10-28,23:24:50,-07:00,2025-10-28T23:24:50-07:00,0,0
style.css,147,css,344d0a12,be910,2025-10-28,23:24:50,-07:00,2025-10-28T23:24:50-07:00,0,0
style.css,148,css,344d0a12,be910,2025-10-28,23:24:50,-07:00,2025-10-28T23:24:50-07:00,0,28
style.css,149,css,344d0a12,be910,2025-10-28,23:24:50,-07:00,2025-10-28T23:24:50-07:00,0,0
style.css,150,css,344d0a12,be910,2025-10-28,23:24:50,-07:00,2025-10-28T23:24:50-07:00,0,5
style.css,151,css,344d0a12,be910,2025-10-28,23:24:50,-07:00,2025-10-28T23:24:50-07:00,1,17
style.css,152,css,344d0a12,be910,2025-10-28,23:24:50,-07:00,2025-10-28T23:24:50-07:00,1,10
style.css,153,css,344d0a12,be910,2025-10-28,23:24:50,-07:00,2025-10-28T23:24:50-07:00,1,17
style.css,154,css,344d0a12,be910,2025-10-28,23:24:50,-07:00,2025-10-28T23:24:50-07:00,0,0
style.css,155,css,344d0a12,be910,2025-10-28,23:24:50,-07:00,2025-10-28T23:24:50-07:00,0,0
style.css,156,css,344d0a12,be910,2025-10-28,23:24:50,-07:00,2025-10-28T23:24:50-07:00,0,38
style.css,157,css,344d0a12,be910,2025-10-28,23:24:50,-07:00,2025-10-28T23:24:50-07:00,0,10
style.css,158,css,344d0a12,be910,2025-10-28,23:24:50,-07:00,2025-10-28T23:24:50-07:00,1,12
style.css,159,css,344d0a12,be910,2025-10-28,23:24:50,-07:00,2025-10-28T23:24:50-07:00,1,7
style.css,160,css,344d0a12,be910,2025-10-28,23:24:50,-07:00,2025-10-28T23:24:50-07:00,1,18
style.css,161,css,344d0a12,be910,2025-10-28,23:24:50,-07:00,2025-10-28T23:24:50-07:00,1,16
style.css,162,css,344d0a12,be910,2025-10-28,23:24:50,-07:00,2025-10-28T23:24:50-07:00,1,12
style.css,163,css,344d0a12,be910,2025-10-28,23:24:50,-07:00,2025-10-28T23:24:50-07:00,1,15
style.css,164,css,344d0a12,be910,2025-10-28,23:24:50,-07:00,2025-10-28T23:24:50-07:00,0,0
style.css,165,css,344d0a12,be910,2025-10-28,23:24:50,-07:00,2025-10-28T23:24:50-07:00,0,0
style.css,166,css,344d0a12,be910,2025-10-28,23:24:50,-07:00,2025-10-28T23:24:50-07:00,0,18
style.css,167,css,344d0a12,be910,2025-10-28,23:24:50,-07:00,2025-10-28T23:24:50-07:00,1,14
style.css,168,css,344d0a12,be910,2025-10-28,23:24:50,-07:00,2025-10-28T23:24:50-07:00,1,14
style.css,169,css,344d0a12,be910,2025-10-28,23:24:50,-07:00,2025-10-28T23:24:50-07:00,1,13
style.css,170,css,344d0a12,be910,2025-10-28,23:24:50,-07:00,2025-10-28T23:24:50-07:00,1,16
style.css,171,css,344d0a12,be910,2025-10-28,23:24:50,-07:00,2025-10-28T23:24:50-07:00,0,0
style.css,172,css,344d0a12,be910,2025-10-28,23:24:50,-07:00,2025-10-28T23:24:50-07:00,0,0
style.css,173,css,344d0a12,be910,2025-10-28,23:24:50,-07:00,2025-10-28T23:24:50-07:00,0,26
style.css,174,css,344d0a12,be910,2025-10-28,23:24:50,-07:00,2025-10-28T23:24:50-07:00,0,23
style.css,175,css,344d0a12,be910,2025-10-28,23:24:50,-07:00,2025-10-28T23:24:50-07:00,1,14
style.css,176,css,344d0a12,be910,2025-10-28,23:24:50,-07:00,2025-10-28T23:24:50-07:00,1,28
style.css,177,css,344d0a12,be910,2025-10-28,23:24:50,-07:00,2025-10-28T23:24:50-07:00,0,0
style.css,178,css,344d0a12,be910,2025-10-28,23:24:50,-07:00,2025-10-28T23:24:50-07:00,0,0
style.css,179,css,344d0a12,be910,2025-10-28,23:24:50,-07:00,2025-10-28T23:24:50-07:00,0,51
style.css,180,css,344d0a12,be910,2025-10-28,23:24:50,-07:00,2025-10-28T23:24:50-07:00,1,11
style.css,181,css,344d0a12,be910,2025-10-28,23:24:50,-07:00,2025-10-28T23:24:50-07:00,0,0
style.css,182,css,344d0a12,be910,2025-10-28,23:24:50,-07:00,2025-10-28T23:24:50-07:00,0,0
style.css,183,css,344d0a12,be910,2025-10-28,23:24:50,-07:00,2025-10-28T23:24:50-07:00,0,26
style.css,184,css,344d0a12,be910,2025-10-28,23:24:50,-07:00,2025-10-28T23:24:50-07:00,0,32
style.css,185,css,344d0a12,be910,2025-10-28,23:24:50,-07:00,2025-10-28T23:24:50-07:00,1,21
style.css,186,css,344d0a12,be910,2025-10-28,23:24:50,-07:00,2025-10-28T23:24:50-07:00,0,0
style.css,187,css,344d0a12,be910,2025-10-28,23:24:50,-07:00,2025-10-28T23:24:50-07:00,0,0
style.css,188,css,344d0a12,be910,2025-10-28,23:24:50,-07:00,2025-10-28T23:24:50-07:00,0,18
style.css,189,css,344d0a12,be910,2025-10-28,23:24:50,-07:00,2025-10-28T23:24:50-07:00,0,7
style.css,190,css,344d0a12,be910,2025-10-28,23:24:50,-07:00,2025-10-28T23:24:50-07:00,1,6
style.css,191,css,344d0a12,be910,2025-10-28,23:24:50,-07:00,2025-10-28T23:24:50-07:00,1,15
style.css,192,css,344d0a12,be910,2025-10-28,23:24:50,-07:00,2025-10-28T23:24:50-07:00,1,12
style.css,193,css,344d0a12,be910,2025-10-28,23:24:50,-07:00,2025-10-28T23:24:50-07:00,1,59
style.css,194,css,344d0a12,be910,2025-10-28,23:24:50,-07:00,2025-10-28T23:24:50-07:00,1,13
style.css,195,css,344d0a12,be910,2025-10-28,23:24:50,-07:00,2025-10-28T23:24:50-07:00,1,15
style.css,196,css,344d0a12,be910,2025-10-28,23:24:50,-07:00,2025-10-28T23:24:50-07:00,1,11
style.css,197,css,344d0a12,be910,2025-10-28,23:24:50,-07:00,2025-10-28T23:24:50-07:00,1,8
style.css,198,css,344d0a12,be910,2025-10-28,23:24:50,-07:00,2025-10-28T23:24:50-07:00,1,21
style.css,199,css,344d0a12,be910,2025-10-28,23:24:50,-07:00,2025-10-28T23:24:50-07:00,0,0
style.css,200,css,344d0a12,be910,2025-10-28,23:24:50,-07:00,2025-10-28T23:24:50-07:00,0,0
style.css,201,css,344d0a12,be910,2025-10-28,23:24:50,-07:00,2025-10-28T23:24:50-07:00,0,10
style.css,202,css,344d0a12,be910,2025-10-28,23:24:50,-07:00,2025-10-28T23:24:50-07:00,1,12
style.css,203,css,344d0a12,be910,2025-10-28,23:24:50,-07:00,2025-10-28T23:24:50-07:00,1,18
style.css,204,css,344d0a12,be910,2025-10-28,23:24:50,-07:00,2025-10-28T23:24:50-07:00,1,9
style.css,205,css,344d0a12,be910,2025-10-28,23:24:50,-07:00,2025-10-28T23:24:50-07:00,1,14
style.css,206,css,344d0a12,be910,2025-10-28,23:24:50,-07:00,2025-10-28T23:24:50-07:00,0,0
style.css,207,css,344d0a12,be910,2025-10-28,23:24:50,-07:00,2025-10-28T23:24:50-07:00,0,0
style.css,208,css,344d0a12,be910,2025-10-28,23:24:50,-07:00,2025-10-28T23:24:50-07:00,0,19
style.css,209,css,344d0a12,be910,2025-10-28,23:24:50,-07:00,2025-10-28T23:24:50-07:00,1,35
style.css,210,css,344d0a12,be910,2025-10-28,23:24:50,-07:00,2025-10-28T23:24:50-07:00,0,0
style.css,211,css,344d0a12,be910,2025-10-28,23:24:50,-07:00,2025-10-28T23:24:50-07:00,0,0
style.css,212,css,344d0a12,be910,2025-10-28,23:24:50,-07:00,2025-10-28T23:24:50-07:00,0,18
style.css,213,css,344d0a12,be910,2025-10-28,23:24:50,-07:00,2025-10-28T23:24:50-07:00,0,7
style.css,214,css,344d0a12,be910,2025-10-28,23:24:50,-07:00,2025-10-28T23:24:50-07:00,1,20
style.css,215,css,344d0a12,be910,2025-10-28,23:24:50,-07:00,2025-10-28T23:24:50-07:00,1,9
style.css,216,css,344d0a12,be910,2025-10-28,23:24:50,-07:00,2025-10-28T23:24:50-07:00,1,10
style.css,217,css,344d0a12,be910,2025-10-28,23:24:50,-07:00,2025-10-28T23:24:50-07:00,1,29
style.css,218,css,344d0a12,be910,2025-10-28,23:24:50,-07:00,2025-10-28T23:24:50-07:00,1,18
style.css,219,css,344d0a12,be910,2025-10-28,23:24:50,-07:00,2025-10-28T23:24:50-07:00,1,17
style.css,220,css,344d0a12,be910,2025-10-28,23:24:50,-07:00,2025-10-28T23:24:50-07:00,0,0
style.css,221,css,344d0a12,be910,2025-10-28,23:24:50,-07:00,2025-10-28T23:24:50-07:00,0,0
style.css,222,css,344d0a12,be910,2025-10-28,23:24:50,-07:00,2025-10-28T23:24:50-07:00,0,22
style.css,223,css,344d0a12,be910,2025-10-28,23:24:50,-07:00,2025-10-28T23:24:50-07:00,0,10
style.css,224,css,344d0a12,be910,2025-10-28,23:24:50,-07:00,2025-10-28T23:24:50-07:00,1,10
style.css,225,css,344d0a12,be910,2025-10-28,23:24:50,-07:00,2025-10-28T23:24:50-07:00,1,18
style.css,226,css,344d0a12,be910,2025-10-28,23:24:50,-07:00,2025-10-28T23:24:50-07:00,1,14
style.css,227,css,344d0a12,be910,2025-10-28,23:24:50,-07:00,2025-10-28T23:24:50-07:00,1,17
style.css,228,css,344d0a12,be910,2025-10-28,23:24:50,-07:00,2025-10-28T23:24:50-07:00,1,21
style.css,229,css,344d0a12,be910,2025-10-28,23:24:50,-07:00,2025-10-28T23:24:50-07:00,1,17
style.css,230,css,7733c250,be910,2025-09-30,21:47:06,-07:00,2025-09-30T21:47:06-07:00,0,0
index.js,1,js,7daa2b29,be910,2025-10-24,21:09:05,-07:00,2025-10-24T21:09:05-07:00,0,71
index.js,2,js,7daa2b29,be910,2025-10-24,21:09:05,-07:00,2025-10-24T21:09:05-07:00,0,0
index.js,3,js,7daa2b29,be910,2025-10-24,21:09:05,-07:00,2025-10-24T21:09:05-07:00,0,21
index.js,4,js,7daa2b29,be910,2025-10-24,21:09:05,-07:00,2025-10-24T21:09:05-07:00,1,54
index.js,5,js,7daa2b29,be910,2025-10-24,21:09:05,-07:00,2025-10-24T21:09:05-07:00,1,42
index.js,6,js,7daa2b29,be910,2025-10-24,21:09:05,-07:00,2025-10-24T21:09:05-07:00,1,60
index.js,7,js,7daa2b29,be910,2025-10-24,21:09:05,-07:00,2025-10-24T21:09:05-07:00,1,54
index.js,8,js,7daa2b29,be910,2025-10-24,21:09:05,-07:00,2025-10-24T21:09:05-07:00,0,0
index.js,9,js,7daa2b29,be910,2025-10-24,21:09:05,-07:00,2025-10-24T21:09:05-07:00,1,48
index.js,10,js,7daa2b29,be910,2025-10-24,21:09:05,-07:00,2025-10-24T21:09:05-07:00,1,60
index.js,11,js,7daa2b29,be910,2025-10-24,21:09:05,-07:00,2025-10-24T21:09:05-07:00,1,17
index.js,12,js,7daa2b29,be910,2025-10-24,21:09:05,-07:00,2025-10-24T21:09:05-07:00,2,24
index.js,13,js,7daa2b29,be910,2025-10-24,21:09:05,-07:00,2025-10-24T21:09:05-07:00,3,21
index.js,14,js,7daa2b29,be910,2025-10-24,21:09:05,-07:00,2025-10-24T21:09:05-07:00,4,55
index.js,15,js,7daa2b29,be910,2025-10-24,21:09:05,-07:00,2025-10-24T21:09:05-07:00,4,55
index.js,16,js,7daa2b29,be910,2025-10-24,21:09:05,-07:00,2025-10-24T21:09:05-07:00,4,66
index.js,17,js,7daa2b29,be910,2025-10-24,21:09:05,-07:00,2025-10-24T21:09:05-07:00,4,49
index.js,18,js,7daa2b29,be910,2025-10-24,21:09:05,-07:00,2025-10-24T21:09:05-07:00,3,3
index.js,19,js,7daa2b29,be910,2025-10-24,21:09:05,-07:00,2025-10-24T21:09:05-07:00,2,0
index.js,20,js,7daa2b29,be910,2025-10-24,21:09:05,-07:00,2025-10-24T21:09:05-07:00,1,0
index.js,21,js,7daa2b29,be910,2025-10-24,21:09:05,-07:00,2025-10-24T21:09:05-07:00,0,0
index.js,22,js,7daa2b29,be910,2025-10-24,21:09:05,-07:00,2025-10-24T21:09:05-07:00,0,0
index.js,23,js,7daa2b29,be910,2025-10-24,21:09:05,-07:00,2025-10-24T21:09:05-07:00,0,5
index.html,1,html,32d83978,be910,2025-09-30,20:07:34,-07:00,2025-09-30T20:07:34-07:00,0,13
index.html,2,html,32d83978,be910,2025-09-30,20:07:34,-07:00,2025-09-30T20:07:34-07:00,0,14
index.html,3,html,32d83978,be910,2025-09-30,20:07:34,-07:00,2025-09-30T20:07:34-07:00,0,4
index.html,4,html,32d83978,be910,2025-09-30,20:07:34,-07:00,2025-09-30T20:07:34-07:00,2,20
index.html,5,html,32d83978,be910,2025-09-30,20:07:34,-07:00,2025-09-30T20:07:34-07:00,2,68
index.html,6,html,32d83978,be910,2025-09-30,20:07:34,-07:00,2025-09-30T20:07:34-07:00,2,54
index.html,7,html,7733c250,be910,2025-09-30,21:47:06,-07:00,2025-09-30T21:47:06-07:00,2,40
index.html,8,html,3fb1069a,be910,2025-10-15,20:23:55,-07:00,2025-10-15T20:23:55-07:00,2,45
index.html,9,html,7daa2b29,be910,2025-10-24,21:09:05,-07:00,2025-10-24T21:09:05-07:00,2,50
index.html,10,html,32d83978,be910,2025-09-30,20:07:34,-07:00,2025-09-30T20:07:34-07:00,0,5
index.html,11,html,32d83978,be910,2025-09-30,20:07:34,-07:00,2025-09-30T20:07:34-07:00,0,4
index.html,12,html,75e43cf2,be910,2025-10-15,21:07:39,-07:00,2025-10-15T21:07:39-07:00,2,8
index.html,13,html,75e43cf2,be910,2025-10-15,21:07:39,-07:00,2025-10-15T21:07:39-07:00,4,9
index.html,14,html,cd33dfc0,be910,2025-10-09,13:22:57,-07:00,2025-10-09T13:22:57-07:00,4,28
index.html,15,html,cd33dfc0,be910,2025-10-09,13:22:57,-07:00,2025-10-09T13:22:57-07:00,4,40
index.html,16,html,cd33dfc0,be910,2025-10-09,13:22:57,-07:00,2025-10-09T13:22:57-07:00,4,38
index.html,17,html,cd33dfc0,be910,2025-10-09,13:22:57,-07:00,2025-10-09T13:22:57-07:00,4,59
index.html,18,html,75e43cf2,be910,2025-10-15,21:07:39,-07:00,2025-10-15T21:07:39-07:00,2,8
index.html,19,html,cd33dfc0,be910,2025-10-09,13:22:57,-07:00,2025-10-09T13:22:57-07:00,2,0
index.html,20,html,32d83978,be910,2025-09-30,20:07:34,-07:00,2025-09-30T20:07:34-07:00,2,17
index.html,21,html,32d83978,be910,2025-09-30,20:07:34,-07:00,2025-09-30T20:07:34-07:00,2,183
index.html,22,html,7733c250,be910,2025-09-30,21:47:06,-07:00,2025-09-30T21:47:06-07:00,0,0
index.html,23,html,7733c250,be910,2025-09-30,21:47:06,-07:00,2025-09-30T21:47:06-07:00,2,2
index.html,24,html,7733c250,be910,2025-09-30,21:47:06,-07:00,2025-09-30T21:47:06-07:00,2,12
index.html,25,html,7733c250,be910,2025-09-30,21:47:06,-07:00,2025-09-30T21:47:06-07:00,2,9
index.html,26,html,7733c250,be910,2025-09-30,21:47:06,-07:00,2025-09-30T21:47:06-07:00,2,10
index.html,27,html,7733c250,be910,2025-09-30,21:47:06,-07:00,2025-09-30T21:47:06-07:00,2,18
index.html,28,html,7733c250,be910,2025-09-30,21:47:06,-07:00,2025-09-30T21:47:06-07:00,2,90
index.html,29,html,7733c250,be910,2025-09-30,21:47:06,-07:00,2025-09-30T21:47:06-07:00,0,0
index.html,30,html,7daa2b29,be910,2025-10-24,21:09:05,-07:00,2025-10-24T21:09:05-07:00,2,22
index.html,31,html,7daa2b29,be910,2025-10-24,21:09:05,-07:00,2025-10-24T21:09:05-07:00,2,20
index.html,32,html,7daa2b29,be910,2025-10-24,21:09:05,-07:00,2025-10-24T21:09:05-07:00,4,49
index.html,33,html,7daa2b29,be910,2025-10-24,21:09:05,-07:00,2025-10-24T21:09:05-07:00,2,4
index.html,34,html,cd33dfc0,be910,2025-10-09,13:22:57,-07:00,2025-10-09T13:22:57-07:00,1,0
index.html,35,html,7daa2b29,be910,2025-10-24,21:09:05,-07:00,2025-10-24T21:09:05-07:00,2,22
index.html,36,html,7daa2b29,be910,2025-10-24,21:09:05,-07:00,2025-10-24T21:09:05-07:00,2,22
index.html,37,html,7daa2b29,be910,2025-10-24,21:09:05,-07:00,2025-10-24T21:09:05-07:00,4,36
index.html,38,html,7daa2b29,be910,2025-10-24,21:09:05,-07:00,2025-10-24T21:09:05-07:00,2,4
index.html,39,html,32d83978,be910,2025-09-30,20:07:34,-07:00,2025-09-30T20:07:34-07:00,0,5
index.html,40,html,32d83978,be910,2025-09-30,20:07:34,-07:00,2025-09-30T20:07:34-07:00,0,5
global.js,1,js,9e01d256,be910,2025-10-24,21:31:38,-07:00,2025-10-24T21:31:38-07:00,0,26
global.js,2,js,3fb1069a,be910,2025-10-15,20:23:55,-07:00,2025-10-15T20:23:55-07:00,0,0
global.js,3,js,3fb1069a,be910,2025-10-15,20:23:55,-07:00,2025-10-15T20:23:55-07:00,0,41
global.js,4,js,3fb1069a,be910,2025-10-15,20:23:55,-07:00,2025-10-15T20:23:55-07:00,1,52
global.js,5,js,3fb1069a,be910,2025-10-15,20:23:55,-07:00,2025-10-15T20:23:55-07:00,0,0
global.js,6,js,3fb1069a,be910,2025-10-15,20:23:55,-07:00,2025-10-15T20:23:55-07:00,0,0
global.js,7,js,f2990134,be910,2025-10-15,22:21:35,-07:00,2025-10-15T22:21:35-07:00,0,31
global.js,8,js,f2990134,be910,2025-10-15,22:21:35,-07:00,2025-10-15T22:21:35-07:00,1,11
global.js,9,js,f2990134,be910,2025-10-15,22:21:35,-07:00,2025-10-15T22:21:35-07:00,1,0
global.js,10,js,f2990134,be910,2025-10-15,22:21:35,-07:00,2025-10-15T22:21:35-07:00,0,26
global.js,11,js,f2990134,be910,2025-10-15,22:21:35,-07:00,2025-10-15T22:21:35-07:00,0,4
global.js,12,js,f2990134,be910,2025-10-15,22:21:35,-07:00,2025-10-15T22:21:35-07:00,0,6
global.js,13,js,f2990134,be910,2025-10-15,22:21:35,-07:00,2025-10-15T22:21:35-07:00,0,43
global.js,14,js,f2990134,be910,2025-10-15,22:21:35,-07:00,2025-10-15T22:21:35-07:00,6,34
global.js,15,js,f2990134,be910,2025-10-15,22:21:35,-07:00,2025-10-15T22:21:35-07:00,6,32
global.js,16,js,f2990134,be910,2025-10-15,22:21:35,-07:00,2025-10-15T22:21:35-07:00,0,7
global.js,17,js,f2990134,be910,2025-10-15,22:21:35,-07:00,2025-10-15T22:21:35-07:00,0,8
global.js,18,js,f2990134,be910,2025-10-15,22:21:35,-07:00,2025-10-15T22:21:35-07:00,0,0
global.js,19,js,75e43cf2,be910,2025-10-15,21:07:39,-07:00,2025-10-15T21:07:39-07:00,0,0
global.js,20,js,75e43cf2,be910,2025-10-15,21:07:39,-07:00,2025-10-15T21:07:39-07:00,0,0
global.js,21,js,f2990134,be910,2025-10-15,22:21:35,-07:00,2025-10-15T22:21:35-07:00,0,28
global.js,22,js,f2990134,be910,2025-10-15,22:21:35,-07:00,2025-10-15T22:21:35-07:00,0,60
global.js,23,js,75e43cf2,be910,2025-10-15,21:07:39,-07:00,2025-10-15T21:07:39-07:00,0,0
global.js,24,js,f2990134,be910,2025-10-15,22:21:35,-07:00,2025-10-15T22:21:35-07:00,0,38
global.js,25,js,f2990134,be910,2025-10-15,22:21:35,-07:00,2025-10-15T22:21:35-07:00,0,29
global.js,26,js,f2990134,be910,2025-10-15,22:21:35,-07:00,2025-10-15T22:21:35-07:00,1,68
global.js,27,js,f2990134,be910,2025-10-15,22:21:35,-07:00,2025-10-15T22:21:35-07:00,1,38
global.js,28,js,f2990134,be910,2025-10-15,22:21:35,-07:00,2025-10-15T22:21:35-07:00,0,0
global.js,29,js,f2990134,be910,2025-10-15,22:21:35,-07:00,2025-10-15T22:21:35-07:00,0,0
global.js,30,js,f2990134,be910,2025-10-15,22:21:35,-07:00,2025-10-15T22:21:35-07:00,0,51
global.js,31,js,f2990134,be910,2025-10-15,22:21:35,-07:00,2025-10-15T22:21:35-07:00,0,49
global.js,32,js,f2990134,be910,2025-10-15,22:21:35,-07:00,2025-10-15T22:21:35-07:00,1,57
global.js,33,js,f2990134,be910,2025-10-15,22:21:35,-07:00,2025-10-15T22:21:35-07:00,1,44
global.js,34,js,f2990134,be910,2025-10-15,22:21:35,-07:00,2025-10-15T22:21:35-07:00,1,62
global.js,35,js,f2990134,be910,2025-10-15,22:21:35,-07:00,2025-10-15T22:21:35-07:00,0,1
global.js,36,js,f2990134,be910,2025-10-15,22:21:35,-07:00,2025-10-15T22:21:35-07:00,0,0
global.js,37,js,f2990134,be910,2025-10-15,22:21:35,-07:00,2025-10-15T22:21:35-07:00,0,0
global.js,38,js,f2990134,be910,2025-10-15,22:21:35,-07:00,2025-10-15T22:21:35-07:00,0,15
global.js,39,js,f2990134,be910,2025-10-15,22:21:35,-07:00,2025-10-15T22:21:35-07:00,1,68
global.js,40,js,f2990134,be910,2025-10-15,22:21:35,-07:00,2025-10-15T22:21:35-07:00,1,3
global.js,41,js,f2990134,be910,2025-10-15,22:21:35,-07:00,2025-10-15T22:21:35-07:00,1,14
global.js,42,js,75e43cf2,be910,2025-10-15,21:07:39,-07:00,2025-10-15T21:07:39-07:00,0,0
global.js,43,js,75e43cf2,be910,2025-10-15,21:07:39,-07:00,2025-10-15T21:07:39-07:00,0,11
global.js,44,js,75e43cf2,be910,2025-10-15,21:07:39,-07:00,2025-10-15T21:07:39-07:00,1,25
global.js,45,js,75e43cf2,be910,2025-10-15,21:07:39,-07:00,2025-10-15T21:07:39-07:00,1,38
global.js,46,js,75e43cf2,be910,2025-10-15,21:07:39,-07:00,2025-10-15T21:07:39-07:00,1,25
global.js,47,js,75e43cf2,be910,2025-10-15,21:07:39,-07:00,2025-10-15T21:07:39-07:00,1,35
global.js,48,js,75e43cf2,be910,2025-10-15,21:07:39,-07:00,2025-10-15T21:07:39-07:00,1,50
global.js,49,js,75e43cf2,be910,2025-10-15,21:07:39,-07:00,2025-10-15T21:07:39-07:00,0,0
global.js,50,js,75e43cf2,be910,2025-10-15,21:07:39,-07:00,2025-10-15T21:07:39-07:00,0,0
global.js,51,js,75e43cf2,be910,2025-10-15,21:07:39,-07:00,2025-10-15T21:07:39-07:00,0,38
global.js,52,js,75e43cf2,be910,2025-10-15,21:07:39,-07:00,2025-10-15T21:07:39-07:00,0,25
global.js,53,js,75e43cf2,be910,2025-10-15,21:07:39,-07:00,2025-10-15T21:07:39-07:00,0,0
global.js,54,js,f2990134,be910,2025-10-15,22:21:35,-07:00,2025-10-15T22:21:35-07:00,0,0
global.js,55,js,75e43cf2,be910,2025-10-15,21:07:39,-07:00,2025-10-15T21:07:39-07:00,0,20
global.js,56,js,f2990134,be910,2025-10-15,22:21:35,-07:00,2025-10-15T22:21:35-07:00,2,14
global.js,57,js,f2990134,be910,2025-10-15,22:21:35,-07:00,2025-10-15T22:21:35-07:00,2,18
global.js,58,js,75e43cf2,be910,2025-10-15,21:07:39,-07:00,2025-10-15T21:07:39-07:00,1,0
global.js,59,js,f2990134,be910,2025-10-15,22:21:35,-07:00,2025-10-15T22:21:35-07:00,2,52
global.js,60,js,f2990134,be910,2025-10-15,22:21:35,-07:00,2025-10-15T22:21:35-07:00,0,0
global.js,61,js,f2990134,be910,2025-10-15,22:21:35,-07:00,2025-10-15T22:21:35-07:00,2,70
global.js,62,js,f2990134,be910,2025-10-15,22:21:35,-07:00,2025-10-15T22:21:35-07:00,2,34
global.js,63,js,f2990134,be910,2025-10-15,22:21:35,-07:00,2025-10-15T22:21:35-07:00,2,11
global.js,64,js,f2990134,be910,2025-10-15,22:21:35,-07:00,2025-10-15T22:21:35-07:00,2,20
global.js,65,js,f2990134,be910,2025-10-15,22:21:35,-07:00,2025-10-15T22:21:35-07:00,0,0
global.js,66,js,f2990134,be910,2025-10-15,22:21:35,-07:00,2025-10-15T22:21:35-07:00,2,68
global.js,67,js,f2990134,be910,2025-10-15,22:21:35,-07:00,2025-10-15T22:21:35-07:00,2,29
global.js,68,js,f2990134,be910,2025-10-15,22:21:35,-07:00,2025-10-15T22:21:35-07:00,0,0
global.js,69,js,f2990134,be910,2025-10-15,22:21:35,-07:00,2025-10-15T22:21:35-07:00,2,90
global.js,70,js,f2990134,be910,2025-10-15,22:21:35,-07:00,2025-10-15T22:21:35-07:00,0,0
global.js,71,js,f2990134,be910,2025-10-15,22:21:35,-07:00,2025-10-15T22:21:35-07:00,2,50
global.js,72,js,f2990134,be910,2025-10-15,22:21:35,-07:00,2025-10-15T22:21:35-07:00,1,0
global.js,73,js,f2990134,be910,2025-10-15,22:21:35,-07:00,2025-10-15T22:21:35-07:00,2,12
global.js,74,js,75e43cf2,be910,2025-10-15,21:07:39,-07:00,2025-10-15T21:07:39-07:00,0,0
global.js,75,js,75e43cf2,be910,2025-10-15,21:07:39,-07:00,2025-10-15T21:07:39-07:00,0,0
global.js,76,js,7daa2b29,be910,2025-10-24,21:09:05,-07:00,2025-10-24T21:09:05-07:00,0,5
global.js,77,js,46f20c32,be910,2025-10-20,23:32:22,-07:00,2025-10-20T23:32:22-07:00,0,0
global.js,78,js,7daa2b29,be910,2025-10-24,21:09:05,-07:00,2025-10-24T21:09:05-07:00,0,36
global.js,79,js,7daa2b29,be910,2025-10-24,21:09:05,-07:00,2025-10-24T21:09:05-07:00,1,3
global.js,80,js,7daa2b29,be910,2025-10-24,21:09:05,-07:00,2025-10-24T21:09:05-07:00,2,33
global.js,81,js,7daa2b29,be910,2025-10-24,21:09:05,-07:00,2025-10-24T21:09:05-07:00,2,32
global.js,82,js,7daa2b29,be910,2025-10-24,21:09:05,-07:00,2025-10-24T21:09:05-07:00,0,0
global.js,83,js,46f20c32,be910,2025-10-20,23:32:22,-07:00,2025-10-20T23:32:22-07:00,2,50
global.js,84,js,7daa2b29,be910,2025-10-24,21:09:05,-07:00,2025-10-24T21:09:05-07:00,2,17
global.js,85,js,7daa2b29,be910,2025-10-24,21:09:05,-07:00,2025-10-24T21:09:05-07:00,3,56
global.js,86,js,7daa2b29,be910,2025-10-24,21:09:05,-07:00,2025-10-24T21:09:05-07:00,2,0
global.js,87,js,9e01d256,be910,2025-10-24,21:31:38,-07:00,2025-10-24T21:31:38-07:00,2,0
global.js,88,js,46f20c32,be910,2025-10-20,23:32:22,-07:00,2025-10-20T23:32:22-07:00,2,31
global.js,89,js,7daa2b29,be910,2025-10-24,21:09:05,-07:00,2025-10-24T21:09:05-07:00,2,33
global.js,90,js,7daa2b29,be910,2025-10-24,21:09:05,-07:00,2025-10-24T21:09:05-07:00,2,33
global.js,91,js,7daa2b29,be910,2025-10-24,21:09:05,-07:00,2025-10-24T21:09:05-07:00,2,10
global.js,92,js,46f20c32,be910,2025-10-20,23:32:22,-07:00,2025-10-20T23:32:22-07:00,0,0
global.js,93,js,7daa2b29,be910,2025-10-24,21:09:05,-07:00,2025-10-24T21:09:05-07:00,1,15
global.js,94,js,7daa2b29,be910,2025-10-24,21:09:05,-07:00,2025-10-24T21:09:05-07:00,2,59
global.js,95,js,46f20c32,be910,2025-10-20,23:32:22,-07:00,2025-10-20T23:32:22-07:00,2,8
global.js,96,js,7daa2b29,be910,2025-10-24,21:09:05,-07:00,2025-10-24T21:09:05-07:00,1,0
global.js,97,js,7daa2b29,be910,2025-10-24,21:09:05,-07:00,2025-10-24T21:09:05-07:00,0,0
global.js,98,js,7daa2b29,be910,2025-10-24,21:09:05,-07:00,2025-10-24T21:09:05-07:00,0,0
global.js,99,js,f2990134,be910,2025-10-15,22:21:35,-07:00,2025-10-15T22:21:35-07:00,0,0
global.js,100,js,7daa2b29,be910,2025-10-24,21:09:05,-07:00,2025-10-24T21:09:05-07:00,0,79
global.js,101,js,7daa2b29,be910,2025-10-24,21:09:05,-07:00,2025-10-24T21:09:05-07:00,1,30
global.js,102,js,7daa2b29,be910,2025-10-24,21:09:05,-07:00,2025-10-24T21:09:05-07:00,1,0
global.js,103,js,7daa2b29,be910,2025-10-24,21:09:05,-07:00,2025-10-24T21:09:05-07:00,1,67
global.js,104,js,7daa2b29,be910,2025-10-24,21:09:05,-07:00,2025-10-24T21:09:05-07:00,2,60
global.js,105,js,7daa2b29,be910,2025-10-24,21:09:05,-07:00,2025-10-24T21:09:05-07:00,2,5
global.js,106,js,7daa2b29,be910,2025-10-24,21:09:05,-07:00,2025-10-24T21:09:05-07:00,1,0
global.js,107,js,7daa2b29,be910,2025-10-24,21:09:05,-07:00,2025-10-24T21:09:05-07:00,1,0
global.js,108,js,46f20c32,be910,2025-10-20,23:32:22,-07:00,2025-10-20T23:32:22-07:00,1,39
global.js,109,js,7daa2b29,be910,2025-10-24,21:09:05,-07:00,2025-10-24T21:09:05-07:00,1,29
global.js,110,js,7daa2b29,be910,2025-10-24,21:09:05,-07:00,2025-10-24T21:09:05-07:00,2,48
global.js,111,js,46f20c32,be910,2025-10-20,23:32:22,-07:00,2025-10-20T23:32:22-07:00,2,0
global.js,112,js,46f20c32,be910,2025-10-20,23:32:22,-07:00,2025-10-20T23:32:22-07:00,2,63
global.js,113,js,46f20c32,be910,2025-10-20,23:32:22,-07:00,2025-10-20T23:32:22-07:00,2,19
global.js,114,js,7daa2b29,be910,2025-10-24,21:09:05,-07:00,2025-10-24T21:09:05-07:00,3,49
global.js,115,js,7daa2b29,be910,2025-10-24,21:09:05,-07:00,2025-10-24T21:09:05-07:00,3,49
global.js,116,js,344d0a12,be910,2025-10-28,23:24:50,-07:00,2025-10-28T23:24:50-07:00,3,3
global.js,117,js,344d0a12,be910,2025-10-28,23:24:50,-07:00,2025-10-28T23:24:50-07:00,4,27
global.js,118,js,344d0a12,be910,2025-10-28,23:24:50,-07:00,2025-10-28T23:24:50-07:00,4,36
global.js,119,js,344d0a12,be910,2025-10-28,23:24:50,-07:00,2025-10-28T23:24:50-07:00,3,4
global.js,120,js,7daa2b29,be910,2025-10-24,21:09:05,-07:00,2025-10-24T21:09:05-07:00,2,0
global.js,121,js,7daa2b29,be910,2025-10-24,21:09:05,-07:00,2025-10-24T21:09:05-07:00,2,0
global.js,122,js,46f20c32,be910,2025-10-20,23:32:22,-07:00,2025-10-20T23:32:22-07:00,2,36
global.js,123,js,7daa2b29,be910,2025-10-24,21:09:05,-07:00,2025-10-24T21:09:05-07:00,2,36
global.js,124,js,7daa2b29,be910,2025-10-24,21:09:05,-07:00,2025-10-24T21:09:05-07:00,1,0
global.js,125,js,7daa2b29,be910,2025-10-24,21:09:05,-07:00,2025-10-24T21:09:05-07:00,0,0
global.js,126,js,7daa2b29,be910,2025-10-24,21:09:05,-07:00,2025-10-24T21:09:05-07:00,0,0
global.js,127,js,7daa2b29,be910,2025-10-24,21:09:05,-07:00,2025-10-24T21:09:05-07:00,0,0
global.js,128,js,7daa2b29,be910,2025-10-24,21:09:05,-07:00,2025-10-24T21:09:05-07:00,0,47
global.js,129,js,46f20c32,be910,2025-10-20,23:32:22,-07:00,2025-10-20T23:32:22-07:00,1,59
global.js,130,js,46f20c32,be910,2025-10-20,23:32:22,-07:00,2025-10-20T23:32:22-07:00,0,0
projects/projects.js,1,js,7daa2b29,be910,2025-10-24,21:09:05,-07:00,2025-10-24T21:09:05-07:00,0,55
projects/projects.js,2,js,344d0a12,be910,2025-10-28,23:24:50,-07:00,2025-10-28T23:24:50-07:00,0,63
projects/projects.js,3,js,7daa2b29,be910,2025-10-24,21:09:05,-07:00,2025-10-24T21:09:05-07:00,0,0
projects/projects.js,4,js,7daa2b29,be910,2025-10-24,21:09:05,-07:00,2025-10-24T21:09:05-07:00,0,55
projects/projects.js,5,js,46f20c32,be910,2025-10-20,23:32:22,-07:00,2025-10-20T23:32:22-07:00,0,60
projects/projects.js,6,js,7daa2b29,be910,2025-10-24,21:09:05,-07:00,2025-10-24T21:09:05-07:00,0,0
projects/projects.js,7,js,7daa2b29,be910,2025-10-24,21:09:05,-07:00,2025-10-24T21:09:05-07:00,0,62
projects/projects.js,8,js,46f20c32,be910,2025-10-20,23:32:22,-07:00,2025-10-20T23:32:22-07:00,0,30
projects/projects.js,9,js,46f20c32,be910,2025-10-20,23:32:22,-07:00,2025-10-20T23:32:22-07:00,1,28
projects/projects.js,10,js,344d0a12,be910,2025-10-28,23:24:50,-07:00,2025-10-28T23:24:50-07:00,1,77
projects/projects.js,11,js,344d0a12,be910,2025-10-28,23:24:50,-07:00,2025-10-28T23:24:50-07:00,0,0
projects/projects.js,12,js,344d0a12,be910,2025-10-28,23:24:50,-07:00,2025-10-28T23:24:50-07:00,0,0
projects/projects.js,13,js,344d0a12,be910,2025-10-28,23:24:50,-07:00,2025-10-28T23:24:50-07:00,0,57
projects/projects.js,14,js,344d0a12,be910,2025-10-28,23:24:50,-07:00,2025-10-28T23:24:50-07:00,0,21
projects/projects.js,15,js,344d0a12,be910,2025-10-28,23:24:50,-07:00,2025-10-28T23:24:50-07:00,0,0
projects/projects.js,16,js,344d0a12,be910,2025-10-28,23:24:50,-07:00,2025-10-28T23:24:50-07:00,0,40
projects/projects.js,17,js,344d0a12,be910,2025-10-28,23:24:50,-07:00,2025-10-28T23:24:50-07:00,0,38
projects/projects.js,18,js,344d0a12,be910,2025-10-28,23:24:50,-07:00,2025-10-28T23:24:50-07:00,1,29
projects/projects.js,19,js,344d0a12,be910,2025-10-28,23:24:50,-07:00,2025-10-28T23:24:50-07:00,2,12
projects/projects.js,20,js,344d0a12,be910,2025-10-28,23:24:50,-07:00,2025-10-28T23:24:50-07:00,2,14
projects/projects.js,21,js,344d0a12,be910,2025-10-28,23:24:50,-07:00,2025-10-28T23:24:50-07:00,2,12
projects/projects.js,22,js,344d0a12,be910,2025-10-28,23:24:50,-07:00,2025-10-28T23:24:50-07:00,1,0
projects/projects.js,23,js,344d0a12,be910,2025-10-28,23:24:50,-07:00,2025-10-28T23:24:50-07:00,1,0
projects/projects.js,24,js,344d0a12,be910,2025-10-28,23:24:50,-07:00,2025-10-28T23:24:50-07:00,1,50
projects/projects.js,25,js,344d0a12,be910,2025-10-28,23:24:50,-07:00,2025-10-28T23:24:50-07:00,2,35
projects/projects.js,26,js,344d0a12,be910,2025-10-28,23:24:50,-07:00,2025-10-28T23:24:50-07:00,1,1
projects/projects.js,27,js,344d0a12,be910,2025-10-28,23:24:50,-07:00,2025-10-28T23:24:50-07:00,1,0
projects/projects.js,28,js,344d0a12,be910,2025-10-28,23:24:50,-07:00,2025-10-28T23:24:50-07:00,1,53
projects/projects.js,29,js,344d0a12,be910,2025-10-28,23:24:50,-07:00,2025-10-28T23:24:50-07:00,1,42
projects/projects.js,30,js,344d0a12,be910,2025-10-28,23:24:50,-07:00,2025-10-28T23:24:50-07:00,1,51
projects/projects.js,31,js,344d0a12,be910,2025-10-28,23:24:50,-07:00,2025-10-28T23:24:50-07:00,1,0
projects/projects.js,32,js,344d0a12,be910,2025-10-28,23:24:50,-07:00,2025-10-28T23:24:50-07:00,1,27
projects/projects.js,33,js,344d0a12,be910,2025-10-28,23:24:50,-07:00,2025-10-28T23:24:50-07:00,1,40
projects/projects.js,34,js,344d0a12,be910,2025-10-28,23:24:50,-07:00,2025-10-28T23:24:50-07:00,1,29
projects/projects.js,35,js,344d0a12,be910,2025-10-28,23:24:50,-07:00,2025-10-28T23:24:50-07:00,1,0
projects/projects.js,36,js,344d0a12,be910,2025-10-28,23:24:50,-07:00,2025-10-28T23:24:50-07:00,1,32
projects/projects.js,37,js,344d0a12,be910,2025-10-28,23:24:50,-07:00,2025-10-28T23:24:50-07:00,1,30
projects/projects.js,38,js,344d0a12,be910,2025-10-28,23:24:50,-07:00,2025-10-28T23:24:50-07:00,1,0
projects/projects.js,39,js,344d0a12,be910,2025-10-28,23:24:50,-07:00,2025-10-28T23:24:50-07:00,1,25
projects/projects.js,40,js,344d0a12,be910,2025-10-28,23:24:50,-07:00,2025-10-28T23:24:50-07:00,1,47
projects/projects.js,41,js,344d0a12,be910,2025-10-28,23:24:50,-07:00,2025-10-28T23:24:50-07:00,1,0
projects/projects.js,42,js,344d0a12,be910,2025-10-28,23:24:50,-07:00,2025-10-28T23:24:50-07:00,1,27
projects/projects.js,43,js,344d0a12,be910,2025-10-28,23:24:50,-07:00,2025-10-28T23:24:50-07:00,2,1
projects/projects.js,44,js,344d0a12,be910,2025-10-28,23:24:50,-07:00,2025-10-28T23:24:50-07:00,3,13
projects/projects.js,45,js,344d0a12,be910,2025-10-28,23:24:50,-07:00,2025-10-28T23:24:50-07:00,3,13
projects/projects.js,46,js,344d0a12,be910,2025-10-28,23:24:50,-07:00,2025-10-28T23:24:50-07:00,3,22
projects/projects.js,47,js,344d0a12,be910,2025-10-28,23:24:50,-07:00,2025-10-28T23:24:50-07:00,3,51
projects/projects.js,48,js,344d0a12,be910,2025-10-28,23:24:50,-07:00,2025-10-28T23:24:50-07:00,3,18
projects/projects.js,49,js,344d0a12,be910,2025-10-28,23:24:50,-07:00,2025-10-28T23:24:50-07:00,4,43
projects/projects.js,50,js,344d0a12,be910,2025-10-28,23:24:50,-07:00,2025-10-28T23:24:50-07:00,4,0
projects/projects.js,51,js,344d0a12,be910,2025-10-28,23:24:50,-07:00,2025-10-28T23:24:50-07:00,4,1
projects/projects.js,52,js,344d0a12,be910,2025-10-28,23:24:50,-07:00,2025-10-28T23:24:50-07:00,5,16
projects/projects.js,53,js,344d0a12,be910,2025-10-28,23:24:50,-07:00,2025-10-28T23:24:50-07:00,5,66
projects/projects.js,54,js,344d0a12,be910,2025-10-28,23:24:50,-07:00,2025-10-28T23:24:50-07:00,4,0
projects/projects.js,55,js,344d0a12,be910,2025-10-28,23:24:50,-07:00,2025-10-28T23:24:50-07:00,4,51
projects/projects.js,56,js,344d0a12,be910,2025-10-28,23:24:50,-07:00,2025-10-28T23:24:50-07:00,4,4
projects/projects.js,57,js,344d0a12,be910,2025-10-28,23:24:50,-07:00,2025-10-28T23:24:50-07:00,5,14
projects/projects.js,58,js,344d0a12,be910,2025-10-28,23:24:50,-07:00,2025-10-28T23:24:50-07:00,5,66
projects/projects.js,59,js,5432478f,be910,2025-10-31,20:03:07,-07:00,2025-10-31T20:03:07-07:00,0,0
projects/projects.js,60,js,5432478f,be910,2025-10-31,20:03:07,-07:00,2025-10-31T20:03:07-07:00,4,0
projects/projects.js,61,js,5432478f,be910,2025-10-31,20:03:07,-07:00,2025-10-31T20:03:07-07:00,3,51
projects/projects.js,62,js,5432478f,be910,2025-10-31,20:03:07,-07:00,2025-10-31T20:03:07-07:00,3,30
projects/projects.js,63,js,5432478f,be910,2025-10-31,20:03:07,-07:00,2025-10-31T20:03:07-07:00,3,41
projects/projects.js,64,js,5432478f,be910,2025-10-31,20:03:07,-07:00,2025-10-31T20:03:07-07:00,3,60
projects/projects.js,65,js,5432478f,be910,2025-10-31,20:03:07,-07:00,2025-10-31T20:03:07-07:00,3,11
projects/projects.js,66,js,5432478f,be910,2025-10-31,20:03:07,-07:00,2025-10-31T20:03:07-07:00,3,44
projects/projects.js,67,js,5432478f,be910,2025-10-31,20:03:07,-07:00,2025-10-31T20:03:07-07:00,3,55
projects/projects.js,68,js,5432478f,be910,2025-10-31,20:03:07,-07:00,2025-10-31T20:03:07-07:00,3,93
projects/projects.js,69,js,5432478f,be910,2025-10-31,20:03:07,-07:00,2025-10-31T20:03:07-07:00,3,63
projects/projects.js,70,js,5432478f,be910,2025-10-31,20:03:07,-07:00,2025-10-31T20:03:07-07:00,3,4
projects/projects.js,71,js,5432478f,be910,2025-10-31,20:03:07,-07:00,2025-10-31T20:03:07-07:00,3,4
projects/projects.js,72,js,5432478f,be910,2025-10-31,20:03:07,-07:00,2025-10-31T20:03:07-07:00,0,0
projects/projects.js,73,js,5432478f,be910,2025-10-31,20:03:07,-07:00,2025-10-31T20:03:07-07:00,3,36
projects/projects.js,74,js,5432478f,be910,2025-10-31,20:03:07,-07:00,2025-10-31T20:03:07-07:00,4,56
projects/projects.js,75,js,5432478f,be910,2025-10-31,20:03:07,-07:00,2025-10-31T20:03:07-07:00,5,88
projects/projects.js,76,js,5432478f,be910,2025-10-31,20:03:07,-07:00,2025-10-31T20:03:07-07:00,5,114
projects/projects.js,77,js,5432478f,be910,2025-10-31,20:03:07,-07:00,2025-10-31T20:03:07-07:00,5,34
projects/projects.js,78,js,5432478f,be910,2025-10-31,20:03:07,-07:00,2025-10-31T20:03:07-07:00,4,1
projects/projects.js,79,js,344d0a12,be910,2025-10-28,23:24:50,-07:00,2025-10-28T23:24:50-07:00,4,0
projects/projects.js,80,js,5432478f,be910,2025-10-31,20:03:07,-07:00,2025-10-31T20:03:07-07:00,4,56
projects/projects.js,81,js,344d0a12,be910,2025-10-28,23:24:50,-07:00,2025-10-28T23:24:50-07:00,3,1
projects/projects.js,82,js,344d0a12,be910,2025-10-28,23:24:50,-07:00,2025-10-28T23:24:50-07:00,1,1
projects/projects.js,83,js,344d0a12,be910,2025-10-28,23:24:50,-07:00,2025-10-28T23:24:50-07:00,1,0
projects/projects.js,84,js,344d0a12,be910,2025-10-28,23:24:50,-07:00,2025-10-28T23:24:50-07:00,1,25
projects/projects.js,85,js,344d0a12,be910,2025-10-28,23:24:50,-07:00,2025-10-28T23:24:50-07:00,2,4
projects/projects.js,86,js,344d0a12,be910,2025-10-28,23:24:50,-07:00,2025-10-28T23:24:50-07:00,3,11
projects/projects.js,87,js,344d0a12,be910,2025-10-28,23:24:50,-07:00,2025-10-28T23:24:50-07:00,3,36
projects/projects.js,88,js,344d0a12,be910,2025-10-28,23:24:50,-07:00,2025-10-28T23:24:50-07:00,3,51
projects/projects.js,89,js,344d0a12,be910,2025-10-28,23:24:50,-07:00,2025-10-28T23:24:50-07:00,3,68
projects/projects.js,90,js,344d0a12,be910,2025-10-28,23:24:50,-07:00,2025-10-28T23:24:50-07:00,3,18
projects/projects.js,91,js,344d0a12,be910,2025-10-28,23:24:50,-07:00,2025-10-28T23:24:50-07:00,4,43
projects/projects.js,92,js,344d0a12,be910,2025-10-28,23:24:50,-07:00,2025-10-28T23:24:50-07:00,4,0
projects/projects.js,93,js,344d0a12,be910,2025-10-28,23:24:50,-07:00,2025-10-28T23:24:50-07:00,4,1
projects/projects.js,94,js,344d0a12,be910,2025-10-28,23:24:50,-07:00,2025-10-28T23:24:50-07:00,5,16
projects/projects.js,95,js,344d0a12,be910,2025-10-28,23:24:50,-07:00,2025-10-28T23:24:50-07:00,5,66
projects/projects.js,96,js,344d0a12,be910,2025-10-28,23:24:50,-07:00,2025-10-28T23:24:50-07:00,4,0
projects/projects.js,97,js,344d0a12,be910,2025-10-28,23:24:50,-07:00,2025-10-28T23:24:50-07:00,4,51
projects/projects.js,98,js,344d0a12,be910,2025-10-28,23:24:50,-07:00,2025-10-28T23:24:50-07:00,4,4
projects/projects.js,99,js,344d0a12,be910,2025-10-28,23:24:50,-07:00,2025-10-28T23:24:50-07:00,5,14
projects/projects.js,100,js,344d0a12,be910,2025-10-28,23:24:50,-07:00,2025-10-28T23:24:50-07:00,5,66
projects/projects.js,101,js,344d0a12,be910,2025-10-28,23:24:50,-07:00,2025-10-28T23:24:50-07:00,4,0
projects/projects.js,102,js,5432478f,be910,2025-10-31,20:03:07,-07:00,2025-10-31T20:03:07-07:00,1,34
projects/projects.js,103,js,5432478f,be910,2025-10-31,20:03:07,-07:00,2025-10-31T20:03:07-07:00,1,64
projects/projects.js,104,js,5432478f,be910,2025-10-31,20:03:07,-07:00,2025-10-31T20:03:07-07:00,1,15
projects/projects.js,105,js,5432478f,be910,2025-10-31,20:03:07,-07:00,2025-10-31T20:03:07-07:00,1,47
projects/projects.js,106,js,5432478f,be910,2025-10-31,20:03:07,-07:00,2025-10-31T20:03:07-07:00,1,97
projects/projects.js,107,js,5432478f,be910,2025-10-31,20:03:07,-07:00,2025-10-31T20:03:07-07:00,1,67
projects/projects.js,108,js,5432478f,be910,2025-10-31,20:03:07,-07:00,2025-10-31T20:03:07-07:00,1,8
projects/projects.js,109,js,5432478f,be910,2025-10-31,20:03:07,-07:00,2025-10-31T20:03:07-07:00,1,8
projects/projects.js,110,js,5432478f,be910,2025-10-31,20:03:07,-07:00,2025-10-31T20:03:07-07:00,1,4
projects/projects.js,111,js,5432478f,be910,2025-10-31,20:03:07,-07:00,2025-10-31T20:03:07-07:00,4,56
projects/projects.js,112,js,5432478f,be910,2025-10-31,20:03:07,-07:00,2025-10-31T20:03:07-07:00,5,88
projects/projects.js,113,js,5432478f,be910,2025-10-31,20:03:07,-07:00,2025-10-31T20:03:07-07:00,5,114
projects/projects.js,114,js,5432478f,be910,2025-10-31,20:03:07,-07:00,2025-10-31T20:03:07-07:00,5,34
projects/projects.js,115,js,5432478f,be910,2025-10-31,20:03:07,-07:00,2025-10-31T20:03:07-07:00,4,1
projects/projects.js,116,js,5432478f,be910,2025-10-31,20:03:07,-07:00,2025-10-31T20:03:07-07:00,4,0
projects/projects.js,117,js,5432478f,be910,2025-10-31,20:03:07,-07:00,2025-10-31T20:03:07-07:00,4,56
projects/projects.js,118,js,344d0a12,be910,2025-10-28,23:24:50,-07:00,2025-10-28T23:24:50-07:00,3,1
projects/projects.js,119,js,344d0a12,be910,2025-10-28,23:24:50,-07:00,2025-10-28T23:24:50-07:00,1,1
projects/projects.js,120,js,9e01d256,be910,2025-10-24,21:31:38,-07:00,2025-10-24T21:31:38-07:00,0,0
projects/projects.js,121,js,344d0a12,be910,2025-10-28,23:24:50,-07:00,2025-10-28T23:24:50-07:00,0,0
projects/projects.js,122,js,344d0a12,be910,2025-10-28,23:24:50,-07:00,2025-10-28T23:24:50-07:00,0,23
projects/projects.js,123,js,344d0a12,be910,2025-10-28,23:24:50,-07:00,2025-10-28T23:24:50-07:00,0,48
projects/projects.js,124,js,344d0a12,be910,2025-10-28,23:24:50,-07:00,2025-10-28T23:24:50-07:00,0,0
projects/projects.js,125,js,5432478f,be910,2025-10-31,20:03:07,-07:00,2025-10-31T20:03:07-07:00,0,0
projects/projects.js,126,js,344d0a12,be910,2025-10-28,23:24:50,-07:00,2025-10-28T23:24:50-07:00,0,26
projects/projects.js,127,js,344d0a12,be910,2025-10-28,23:24:50,-07:00,2025-10-28T23:24:50-07:00,0,13
projects/projects.js,128,js,344d0a12,be910,2025-10-28,23:24:50,-07:00,2025-10-28T23:24:50-07:00,0,53
projects/projects.js,129,js,344d0a12,be910,2025-10-28,23:24:50,-07:00,2025-10-28T23:24:50-07:00,0,49
projects/projects.js,130,js,344d0a12,be910,2025-10-28,23:24:50,-07:00,2025-10-28T23:24:50-07:00,1,25
projects/projects.js,131,js,5432478f,be910,2025-10-31,20:03:07,-07:00,2025-10-31T20:03:07-07:00,1,17
projects/projects.js,132,js,344d0a12,be910,2025-10-28,23:24:50,-07:00,2025-10-28T23:24:50-07:00,1,51
projects/projects.js,133,js,344d0a12,be910,2025-10-28,23:24:50,-07:00,2025-10-28T23:24:50-07:00,2,59
projects/projects.js,134,js,344d0a12,be910,2025-10-28,23:24:50,-07:00,2025-10-28T23:24:50-07:00,2,42
projects/projects.js,135,js,344d0a12,be910,2025-10-28,23:24:50,-07:00,2025-10-28T23:24:50-07:00,1,1
projects/projects.js,136,js,344d0a12,be910,2025-10-28,23:24:50,-07:00,2025-10-28T23:24:50-07:00,1,56
projects/projects.js,137,js,344d0a12,be910,2025-10-28,23:24:50,-07:00,2025-10-28T23:24:50-07:00,1,31
projects/projects.js,138,js,344d0a12,be910,2025-10-28,23:24:50,-07:00,2025-10-28T23:24:50-07:00,0,1
projects/index.html,1,html,7733c250,be910,2025-09-30,21:47:06,-07:00,2025-09-30T21:47:06-07:00,0,13
projects/index.html,2,html,7733c250,be910,2025-09-30,21:47:06,-07:00,2025-09-30T21:47:06-07:00,0,14
projects/index.html,3,html,7733c250,be910,2025-09-30,21:47:06,-07:00,2025-09-30T21:47:06-07:00,0,4
projects/index.html,4,html,7733c250,be910,2025-09-30,21:47:06,-07:00,2025-09-30T21:47:06-07:00,2,20
projects/index.html,5,html,7733c250,be910,2025-09-30,21:47:06,-07:00,2025-09-30T21:47:06-07:00,2,68
projects/index.html,6,html,7733c250,be910,2025-09-30,21:47:06,-07:00,2025-09-30T21:47:06-07:00,2,21
projects/index.html,7,html,cd33dfc0,be910,2025-10-09,13:22:57,-07:00,2025-10-09T13:22:57-07:00,2,41
projects/index.html,8,html,344d0a12,be910,2025-10-28,23:24:50,-07:00,2025-10-28T23:24:50-07:00,2,60
projects/index.html,9,html,813b4328,be910,2025-10-15,20:31:54,-07:00,2025-10-15T20:31:54-07:00,2,48
projects/index.html,10,html,46f20c32,be910,2025-10-20,23:32:22,-07:00,2025-10-20T23:32:22-07:00,2,47
projects/index.html,11,html,7733c250,be910,2025-09-30,21:47:06,-07:00,2025-09-30T21:47:06-07:00,0,5
projects/index.html,12,html,344d0a12,be910,2025-10-28,23:24:50,-07:00,2025-10-28T23:24:50-07:00,0,0
projects/index.html,13,html,344d0a12,be910,2025-10-28,23:24:50,-07:00,2025-10-28T23:24:50-07:00,0,4
projects/index.html,14,html,46f20c32,be910,2025-10-20,23:32:22,-07:00,2025-10-20T23:32:22-07:00,2,38
projects/index.html,15,html,344d0a12,be910,2025-10-28,23:24:50,-07:00,2025-10-28T23:24:50-07:00,2,21
projects/index.html,16,html,344d0a12,be910,2025-10-28,23:24:50,-07:00,2025-10-28T23:24:50-07:00,4,52
projects/index.html,17,html,344d0a12,be910,2025-10-28,23:24:50,-07:00,2025-10-28T23:24:50-07:00,4,4
projects/index.html,18,html,344d0a12,be910,2025-10-28,23:24:50,-07:00,2025-10-28T23:24:50-07:00,4,17
projects/index.html,19,html,344d0a12,be910,2025-10-28,23:24:50,-07:00,2025-10-28T23:24:50-07:00,4,3
projects/index.html,20,html,344d0a12,be910,2025-10-28,23:24:50,-07:00,2025-10-28T23:24:50-07:00,2,4
projects/index.html,21,html,344d0a12,be910,2025-10-28,23:24:50,-07:00,2025-10-28T23:24:50-07:00,2,4
projects/index.html,22,html,344d0a12,be910,2025-10-28,23:24:50,-07:00,2025-10-28T23:24:50-07:00,4,15
projects/index.html,23,html,344d0a12,be910,2025-10-28,23:24:50,-07:00,2025-10-28T23:24:50-07:00,4,11
projects/index.html,24,html,344d0a12,be910,2025-10-28,23:24:50,-07:00,2025-10-28T23:24:50-07:00,4,26
projects/index.html,25,html,344d0a12,be910,2025-10-28,23:24:50,-07:00,2025-10-28T23:24:50-07:00,4,31
projects/index.html,26,html,344d0a12,be910,2025-10-28,23:24:50,-07:00,2025-10-28T23:24:50-07:00,2,0
projects/index.html,27,html,46f20c32,be910,2025-10-20,23:32:22,-07:00,2025-10-20T23:32:22-07:00,0,0
projects/index.html,28,html,cd33dfc0,be910,2025-10-09,13:22:57,-07:00,2025-10-09T13:22:57-07:00,2,20
projects/index.html,29,html,cd33dfc0,be910,2025-10-09,13:22:57,-07:00,2025-10-09T13:22:57-07:00,2,4
projects/index.html,30,html,344d0a12,be910,2025-10-28,23:24:50,-07:00,2025-10-28T23:24:50-07:00,2,0
projects/index.html,31,html,cd33dfc0,be910,2025-10-09,13:22:57,-07:00,2025-10-09T13:22:57-07:00,0,0
projects/index.html,32,html,7733c250,be910,2025-09-30,21:47:06,-07:00,2025-09-30T21:47:06-07:00,0,0
projects/index.html,33,html,7733c250,be910,2025-09-30,21:47:06,-07:00,2025-09-30T21:47:06-07:00,0,5
projects/index.html,34,html,7733c250,be910,2025-09-30,21:47:06,-07:00,2025-09-30T21:47:06-07:00,0,5
contact/index.html,1,html,7733c250,be910,2025-09-30,21:47:06,-07:00,2025-09-30T21:47:06-07:00,0,13
contact/index.html,2,html,7733c250,be910,2025-09-30,21:47:06,-07:00,2025-09-30T21:47:06-07:00,0,14
contact/index.html,3,html,7733c250,be910,2025-09-30,21:47:06,-07:00,2025-09-30T21:47:06-07:00,0,4
contact/index.html,4,html,7733c250,be910,2025-09-30,21:47:06,-07:00,2025-09-30T21:47:06-07:00,2,20
contact/index.html,5,html,7733c250,be910,2025-09-30,21:47:06,-07:00,2025-09-30T21:47:06-07:00,2,68
contact/index.html,6,html,7733c250,be910,2025-09-30,21:47:06,-07:00,2025-09-30T21:47:06-07:00,2,20
contact/index.html,7,html,cd33dfc0,be910,2025-10-09,13:22:57,-07:00,2025-10-09T13:22:57-07:00,2,41
contact/index.html,8,html,813b4328,be910,2025-10-15,20:31:54,-07:00,2025-10-15T20:31:54-07:00,2,48
contact/index.html,9,html,7733c250,be910,2025-09-30,21:47:06,-07:00,2025-09-30T21:47:06-07:00,0,5
contact/index.html,10,html,7733c250,be910,2025-09-30,21:47:06,-07:00,2025-09-30T21:47:06-07:00,0,4
contact/index.html,11,html,75e43cf2,be910,2025-10-15,21:07:39,-07:00,2025-10-15T21:07:39-07:00,2,8
contact/index.html,12,html,cd33dfc0,be910,2025-10-09,13:22:57,-07:00,2025-10-09T13:22:57-07:00,4,30
contact/index.html,13,html,cd33dfc0,be910,2025-10-09,13:22:57,-07:00,2025-10-09T13:22:57-07:00,4,31
contact/index.html,14,html,cd33dfc0,be910,2025-10-09,13:22:57,-07:00,2025-10-09T13:22:57-07:00,4,43
contact/index.html,15,html,cd33dfc0,be910,2025-10-09,13:22:57,-07:00,2025-10-09T13:22:57-07:00,4,57
contact/index.html,16,html,7733c250,be910,2025-09-30,21:47:06,-07:00,2025-09-30T21:47:06-07:00,4,59
contact/index.html,17,html,75e43cf2,be910,2025-10-15,21:07:39,-07:00,2025-10-15T21:07:39-07:00,2,8
contact/index.html,18,html,7733c250,be910,2025-09-30,21:47:06,-07:00,2025-09-30T21:47:06-07:00,0,0
contact/index.html,19,html,cd33dfc0,be910,2025-10-09,13:22:57,-07:00,2025-10-09T13:22:57-07:00,2,14
contact/index.html,20,html,cd33dfc0,be910,2025-10-09,13:22:57,-07:00,2025-10-09T13:22:57-07:00,0,0
contact/index.html,21,html,7733c250,be910,2025-09-30,21:47:06,-07:00,2025-09-30T21:47:06-07:00,2,44
contact/index.html,22,html,7733c250,be910,2025-09-30,21:47:06,-07:00,2025-09-30T21:47:06-07:00,2,71
contact/index.html,23,html,cd33dfc0,be910,2025-10-09,13:22:57,-07:00,2025-10-09T13:22:57-07:00,4,31
contact/index.html,24,html,cd33dfc0,be910,2025-10-09,13:22:57,-07:00,2025-10-09T13:22:57-07:00,4,68
contact/index.html,25,html,7733c250,be910,2025-09-30,21:47:06,-07:00,2025-09-30T21:47:06-07:00,4,0
contact/index.html,26,html,cd33dfc0,be910,2025-10-09,13:22:57,-07:00,2025-10-09T13:22:57-07:00,4,35
contact/index.html,27,html,cd33dfc0,be910,2025-10-09,13:22:57,-07:00,2025-10-09T13:22:57-07:00,4,57
contact/index.html,28,html,7733c250,be910,2025-09-30,21:47:06,-07:00,2025-09-30T21:47:06-07:00,4,0
contact/index.html,29,html,cd33dfc0,be910,2025-10-09,13:22:57,-07:00,2025-10-09T13:22:57-07:00,4,35
contact/index.html,30,html,cd33dfc0,be910,2025-10-09,13:22:57,-07:00,2025-10-09T13:22:57-07:00,4,51
contact/index.html,31,html,7733c250,be910,2025-09-30,21:47:06,-07:00,2025-09-30T21:47:06-07:00,4,0
contact/index.html,32,html,7733c250,be910,2025-09-30,21:47:06,-07:00,2025-09-30T21:47:06-07:00,4,19
contact/index.html,33,html,7733c250,be910,2025-09-30,21:47:06,-07:00,2025-09-30T21:47:06-07:00,2,5
contact/index.html,34,html,7733c250,be910,2025-09-30,21:47:06,-07:00,2025-09-30T21:47:06-07:00,0,0
contact/index.html,35,html,7733c250,be910,2025-09-30,21:47:06,-07:00,2025-09-30T21:47:06-07:00,0,5
contact/index.html,36,html,7733c250,be910,2025-09-30,21:47:06,-07:00,2025-09-30T21:47:06-07:00,0,5
CV/index.html,1,html,7733c250,be910,2025-09-30,21:47:06,-07:00,2025-09-30T21:47:06-07:00,0,13
CV/index.html,2,html,7733c250,be910,2025-09-30,21:47:06,-07:00,2025-09-30T21:47:06-07:00,0,14
CV/index.html,3,html,7733c250,be910,2025-09-30,21:47:06,-07:00,2025-09-30T21:47:06-07:00,0,4
CV/index.html,4,html,7733c250,be910,2025-09-30,21:47:06,-07:00,2025-09-30T21:47:06-07:00,2,20
CV/index.html,5,html,7733c250,be910,2025-09-30,21:47:06,-07:00,2025-09-30T21:47:06-07:00,2,68
CV/index.html,6,html,7733c250,be910,2025-09-30,21:47:06,-07:00,2025-09-30T21:47:06-07:00,2,29
CV/index.html,7,html,cd33dfc0,be910,2025-10-09,13:22:57,-07:00,2025-10-09T13:22:57-07:00,2,41
CV/index.html,8,html,813b4328,be910,2025-10-15,20:31:54,-07:00,2025-10-15T20:31:54-07:00,2,48
CV/index.html,9,html,3fb1069a,be910,2025-10-15,20:23:55,-07:00,2025-10-15T20:23:55-07:00,2,0
CV/index.html,10,html,7733c250,be910,2025-09-30,21:47:06,-07:00,2025-09-30T21:47:06-07:00,0,5
CV/index.html,11,html,7733c250,be910,2025-09-30,21:47:06,-07:00,2025-09-30T21:47:06-07:00,0,4
CV/index.html,12,html,75e43cf2,be910,2025-10-15,21:07:39,-07:00,2025-10-15T21:07:39-07:00,2,8
CV/index.html,13,html,cd33dfc0,be910,2025-10-09,13:22:57,-07:00,2025-10-09T13:22:57-07:00,4,30
CV/index.html,14,html,cd33dfc0,be910,2025-10-09,13:22:57,-07:00,2025-10-09T13:22:57-07:00,4,47
CV/index.html,15,html,cd33dfc0,be910,2025-10-09,13:22:57,-07:00,2025-10-09T13:22:57-07:00,4,43
CV/index.html,16,html,cd33dfc0,be910,2025-10-09,13:22:57,-07:00,2025-10-09T13:22:57-07:00,4,41
CV/index.html,17,html,7733c250,be910,2025-09-30,21:47:06,-07:00,2025-09-30T21:47:06-07:00,4,59
CV/index.html,18,html,75e43cf2,be910,2025-10-15,21:07:39,-07:00,2025-10-15T21:07:39-07:00,2,8
CV/index.html,19,html,7733c250,be910,2025-09-30,21:47:06,-07:00,2025-09-30T21:47:06-07:00,0,0
CV/index.html,20,html,cd33dfc0,be910,2025-10-09,13:22:57,-07:00,2025-10-09T13:22:57-07:00,2,23
CV/index.html,21,html,cd33dfc0,be910,2025-10-09,13:22:57,-07:00,2025-10-09T13:22:57-07:00,0,0
CV/index.html,22,html,cd33dfc0,be910,2025-10-09,13:22:57,-07:00,2025-10-09T13:22:57-07:00,2,78
CV/index.html,23,html,cd33dfc0,be910,2025-10-09,13:22:57,-07:00,2025-10-09T13:22:57-07:00,2,12
CV/index.html,24,html,cd33dfc0,be910,2025-10-09,13:22:57,-07:00,2025-10-09T13:22:57-07:00,1,0
CV/index.html,25,html,cd33dfc0,be910,2025-10-09,13:22:57,-07:00,2025-10-09T13:22:57-07:00,0,0
CV/index.html,26,html,7733c250,be910,2025-09-30,21:47:06,-07:00,2025-09-30T21:47:06-07:00,2,7
CV/index.html,27,html,7733c250,be910,2025-09-30,21:47:06,-07:00,2025-09-30T21:47:06-07:00,4,16
CV/index.html,28,html,7733c250,be910,2025-09-30,21:47:06,-07:00,2025-09-30T21:47:06-07:00,0,0
CV/index.html,29,html,7733c250,be910,2025-09-30,21:47:06,-07:00,2025-09-30T21:47:06-07:00,4,7
CV/index.html,30,html,7733c250,be910,2025-09-30,21:47:06,-07:00,2025-09-30T21:47:06-07:00,6,40
CV/index.html,31,html,7733c250,be910,2025-09-30,21:47:06,-07:00,2025-09-30T21:47:06-07:00,6,40
CV/index.html,32,html,7733c250,be910,2025-09-30,21:47:06,-07:00,2025-09-30T21:47:06-07:00,6,61
CV/index.html,33,html,7733c250,be910,2025-09-30,21:47:06,-07:00,2025-09-30T21:47:06-07:00,4,8
CV/index.html,34,html,7733c250,be910,2025-09-30,21:47:06,-07:00,2025-09-30T21:47:06-07:00,0,0
CV/index.html,35,html,7733c250,be910,2025-09-30,21:47:06,-07:00,2025-09-30T21:47:06-07:00,4,7
CV/index.html,36,html,7733c250,be910,2025-09-30,21:47:06,-07:00,2025-09-30T21:47:06-07:00,6,52
CV/index.html,37,html,7733c250,be910,2025-09-30,21:47:06,-07:00,2025-09-30T21:47:06-07:00,6,37
CV/index.html,38,html,7733c250,be910,2025-09-30,21:47:06,-07:00,2025-09-30T21:47:06-07:00,6,95
CV/index.html,39,html,7733c250,be910,2025-09-30,21:47:06,-07:00,2025-09-30T21:47:06-07:00,4,8
CV/index.html,40,html,7733c250,be910,2025-09-30,21:47:06,-07:00,2025-09-30T21:47:06-07:00,2,8
CV/index.html,41,html,7733c250,be910,2025-09-30,21:47:06,-07:00,2025-09-30T21:47:06-07:00,0,0
CV/index.html,42,html,7733c250,be910,2025-09-30,21:47:06,-07:00,2025-09-30T21:47:06-07:00,2,7
CV/index.html,43,html,7733c250,be910,2025-09-30,21:47:06,-07:00,2025-09-30T21:47:06-07:00,4,17
CV/index.html,44,html,7733c250,be910,2025-09-30,21:47:06,-07:00,2025-09-30T21:47:06-07:00,4,0
CV/index.html,45,html,7733c250,be910,2025-09-30,21:47:06,-07:00,2025-09-30T21:47:06-07:00,4,7
CV/index.html,46,html,7733c250,be910,2025-09-30,21:47:06,-07:00,2025-09-30T21:47:06-07:00,6,6
CV/index.html,47,html,7733c250,be910,2025-09-30,21:47:06,-07:00,2025-09-30T21:47:06-07:00,8,25
CV/index.html,48,html,7733c250,be910,2025-09-30,21:47:06,-07:00,2025-09-30T21:47:06-07:00,8,35
CV/index.html,49,html,7733c250,be910,2025-09-30,21:47:06,-07:00,2025-09-30T21:47:06-07:00,8,56
CV/index.html,50,html,7733c250,be910,2025-09-30,21:47:06,-07:00,2025-09-30T21:47:06-07:00,6,7
CV/index.html,51,html,7733c250,be910,2025-09-30,21:47:06,-07:00,2025-09-30T21:47:06-07:00,6,2
CV/index.html,52,html,7733c250,be910,2025-09-30,21:47:06,-07:00,2025-09-30T21:47:06-07:00,8,86
CV/index.html,53,html,7733c250,be910,2025-09-30,21:47:06,-07:00,2025-09-30T21:47:06-07:00,8,80
CV/index.html,54,html,7733c250,be910,2025-09-30,21:47:06,-07:00,2025-09-30T21:47:06-07:00,8,65
CV/index.html,55,html,7733c250,be910,2025-09-30,21:47:06,-07:00,2025-09-30T21:47:06-07:00,8,98
CV/index.html,56,html,7733c250,be910,2025-09-30,21:47:06,-07:00,2025-09-30T21:47:06-07:00,6,3
CV/index.html,57,html,7733c250,be910,2025-09-30,21:47:06,-07:00,2025-09-30T21:47:06-07:00,4,8
CV/index.html,58,html,7733c250,be910,2025-09-30,21:47:06,-07:00,2025-09-30T21:47:06-07:00,0,0
CV/index.html,59,html,7733c250,be910,2025-09-30,21:47:06,-07:00,2025-09-30T21:47:06-07:00,4,7
CV/index.html,60,html,7733c250,be910,2025-09-30,21:47:06,-07:00,2025-09-30T21:47:06-07:00,6,6
CV/index.html,61,html,7733c250,be910,2025-09-30,21:47:06,-07:00,2025-09-30T21:47:06-07:00,8,31
CV/index.html,62,html,7733c250,be910,2025-09-30,21:47:06,-07:00,2025-09-30T21:47:06-07:00,8,35
CV/index.html,63,html,7733c250,be910,2025-09-30,21:47:06,-07:00,2025-09-30T21:47:06-07:00,8,89
CV/index.html,64,html,7733c250,be910,2025-09-30,21:47:06,-07:00,2025-09-30T21:47:06-07:00,6,7
CV/index.html,65,html,7733c250,be910,2025-09-30,21:47:06,-07:00,2025-09-30T21:47:06-07:00,6,2
CV/index.html,66,html,7733c250,be910,2025-09-30,21:47:06,-07:00,2025-09-30T21:47:06-07:00,8,44
CV/index.html,67,html,7733c250,be910,2025-09-30,21:47:06,-07:00,2025-09-30T21:47:06-07:00,8,49
CV/index.html,68,html,7733c250,be910,2025-09-30,21:47:06,-07:00,2025-09-30T21:47:06-07:00,8,57
CV/index.html,69,html,7733c250,be910,2025-09-30,21:47:06,-07:00,2025-09-30T21:47:06-07:00,6,3
CV/index.html,70,html,7733c250,be910,2025-09-30,21:47:06,-07:00,2025-09-30T21:47:06-07:00,4,8
CV/index.html,71,html,7733c250,be910,2025-09-30,21:47:06,-07:00,2025-09-30T21:47:06-07:00,2,8
CV/index.html,72,html,7733c250,be910,2025-09-30,21:47:06,-07:00,2025-09-30T21:47:06-07:00,0,0
CV/index.html,73,html,7733c250,be910,2025-09-30,21:47:06,-07:00,2025-09-30T21:47:06-07:00,2,7
CV/index.html,74,html,7733c250,be910,2025-09-30,21:47:06,-07:00,2025-09-30T21:47:06-07:00,4,13
CV/index.html,75,html,7733c250,be910,2025-09-30,21:47:06,-07:00,2025-09-30T21:47:06-07:00,4,0
CV/index.html,76,html,7733c250,be910,2025-09-30,21:47:06,-07:00,2025-09-30T21:47:06-07:00,4,7
CV/index.html,77,html,7733c250,be910,2025-09-30,21:47:06,-07:00,2025-09-30T21:47:06-07:00,6,28
CV/index.html,78,html,7733c250,be910,2025-09-30,21:47:06,-07:00,2025-09-30T21:47:06-07:00,6,24
CV/index.html,79,html,7733c250,be910,2025-09-30,21:47:06,-07:00,2025-09-30T21:47:06-07:00,4,8
CV/index.html,80,html,7733c250,be910,2025-09-30,21:47:06,-07:00,2025-09-30T21:47:06-07:00,2,8
CV/index.html,81,html,7733c250,be910,2025-09-30,21:47:06,-07:00,2025-09-30T21:47:06-07:00,0,0
CV/index.html,82,html,7733c250,be910,2025-09-30,21:47:06,-07:00,2025-09-30T21:47:06-07:00,2,7
CV/index.html,83,html,7733c250,be910,2025-09-30,21:47:06,-07:00,2025-09-30T21:47:06-07:00,4,16
CV/index.html,84,html,7733c250,be910,2025-09-30,21:47:06,-07:00,2025-09-30T21:47:06-07:00,0,0
CV/index.html,85,html,7733c250,be910,2025-09-30,21:47:06,-07:00,2025-09-30T21:47:06-07:00,4,7
CV/index.html,86,html,7733c250,be910,2025-09-30,21:47:06,-07:00,2025-09-30T21:47:06-07:00,6,49
CV/index.html,87,html,7733c250,be910,2025-09-30,21:47:06,-07:00,2025-09-30T21:47:06-07:00,6,52
CV/index.html,88,html,7733c250,be910,2025-09-30,21:47:06,-07:00,2025-09-30T21:47:06-07:00,4,8
CV/index.html,89,html,7733c250,be910,2025-09-30,21:47:06,-07:00,2025-09-30T21:47:06-07:00,2,8
CV/index.html,90,html,7733c250,be910,2025-09-30,21:47:06,-07:00,2025-09-30T21:47:06-07:00,0,5
CV/index.html,91,html,7733c250,be910,2025-09-30,21:47:06,-07:00,2025-09-30T21:47:06-07:00,0,5
